Cubify CubeX 3D Printer Double Head Print,-8879.9704284668
Lexmark MX611dhe Monochrome Laser Printer,-4589.97296142578
Cubify CubeX 3D Printer Triple Head Print,-3839.99047851563
Chromcraft Bull-Nose Wood Oval Conference Tables & Bases,-2876.11560821533
Bush Advantage Collection Racetrack Conference Table,-1934.39758300781
GBC DocuBind P400 Electric Binding System,-1878.16625976563
Cisco TelePresence System EX90 Videoconferencing Unit,-1811.07836914063
Martin Yale Chadless Opener Electric Letter Opener,-1299.18360137939
Balt Solid Wood Round Tables,-1201.05808258057
"Riverside Furniture Oval Coffee Table, Oval End Table, End Table with Drawer",-1147.39999961853
Epson TM-T88V Direct Thermal Printer - Monochrome - Desktop,-1057.22997283936
Hon 2090 “Pillow Soft” Series Mid Back Swivel/Tilt Chairs,-989.049583435059
O'Sullivan 4-Shelf Bookcase in Odessa Pine,-975.098788261414
Bretford “Just In Time” Height-Adjustable Multi-Task Work Tables,-964.193977355957
Zebra GK420t Direct Thermal/Thermal Transfer Printer,-938.280029296875
3.6 Cubic Foot Counter Height Office Refrigerator,-872.075241088867
"Bevis Oval Conference Table, Walnut",-856.014368057251
Tennsco Single-Tier Lockers,-825.748001098633
BPI Conference Tables,-795.972503662109
StarTech.com 10/100 VDSL2 Ethernet Extender Kit,-785.762020111084
O'Sullivan Plantations 2-Door Library in Landvery Oak,-767.743591308594
O'Sullivan Living Dimensions 5-Shelf Bookcases,-755.751602172852
BoxOffice By Design Rectangular and Half-Moon Meeting Room Tables,-728.4375
Hon 94000 Series Round Tables,-681.214027404785
"Riverside Palais Royal Lawyers Bookcase, Royale Cherry Finish",-669.544830322266
"SAFCO Commercial Wire Shelving, Black",-635.444011688232
Bestar Classic Bookcase,-612.938691139221
"Chromcraft Bull-Nose Wood 48"" x 96"" Rectangular Conference Tables",-611.587818145752
Hon Racetrack Conference Tables,-598.522818803787
Bevis Rectangular Conference Tables,-586.839599609375
Bretford CR4500 Series Slim Rectangular Table,-532.761295318604
Tenex Antistatic Computer Chair Mats,-530.038009643555
"Tenex Chairmat w/ Average Lip, 45"" x 53""",-529.759994506836
"Bevis Round Conference Table Top, X-Base",-519.94100189209
Lexmark MarkNet N8150 Wireless Print Server,-506.457000732422
"Global Wood Trimmed Manager's Task Chair, Khaki",-503.119398117065
"Office Star - Contemporary Task Swivel chair with Loop Arms, Charcoal",-491.175007820129
KI Conference Tables,-479.216407775879
"Global High-Back Leather Tilter, Burgundy",-474.741403341293
SAFCO Boltless Steel Shelving,-470.469611644745
"3D Systems Cube Printer, 2nd Generation, White",-467.996406555176
GBC ProClick 150 Presentation Binding System,-461.330825805664
Global Enterprise Series Seating High-Back Swivel/Tilt Chairs,-460.666007995605
"Bevis Traditional Conference Table Top, Plinth Base",-456.703201293945
Chromcraft Rectangular Conference Tables,-450.242990493774
Swingline SM12-08 MicroCut Jam Free Shredder,-447.988800048828
Bevis Boat-Shaped Conference Table,-445.586999893188
Novimex Swivel Fabric Task Chair,-445.391006469727
Okidata MB491 Multifunction Printer,-434.130020141602
Premier Automatic Letter Opener,-427.858597278595
"Sauder Forest Hills Library with Doors, Woodland Oak Finish",-418.548007011414
Riverside Furniture Stanwyck Manor Table Series,-415.932502746582
GBC VeloBinder Electric Binding Machine,-411.331985473633
"Chromcraft 48"" x 96"" Racetrack Double Pedestal Table",-404.006362915039
Hon 2111 Invitation Series Corner Table,-401.990409851074
"Iceberg OfficeWorks 42"" Round Tables",-392.547973632813
LG G2,-374.992492675781
Balt Split Level Computer Training Table,-357.974992752075
"Deflect-o RollaMat Studded, Beveled Mat for Medium Pile Carpeting",-343.095593929291
Jawbone MINI JAMBOX Wireless Bluetooth Speaker,-339.710389137268
Fellowes Officeware Wire Shelving,-332.370998382568
"Lesro Round Back Collection Coffee Table, End Table",-328.589992523193
Bretford Rectangular Conference Table Tops,-327.233106613159
Euro Pro Shark Stick Mini Vacuum,-325.633192300797
"Brother MFC-9340CDW LED All-In-One Printer, Copier Scanner",-319.191589355469
Ibico Hi-Tech Manual Binding System,-304.989990234375
Hon Rectangular Conference Tables,-295.815006256104
Sauder Barrister Bookcases,-294.767197608948
Okidata C610n Printer,-292.04998588562
O'Sullivan Manor Hill 2-Door Library in Brianna Oak,-285.948401451111
"Eldon ""L"" Workstation Diamond Chairmat",-267.449607849121
High Speed Automatic Electric Letter Opener,-262.004791259766
Eldon ClusterMat Chair Mat with Cordless Antistatic Protection,-256.56360244751
Xerox WorkCentre 6505DN Laser Multifunction Printer,-251.995803833008
Okidata B401 Printer,-251.987396240234
KI Adjustable-Height Table,-248.48219871521
Global Low Back Tilter Chair,-246.391199111938
Catalog Binders with Expanding Posts,-242.207988739014
Hon 5100 Series Wood Tables,-238.603597640991
Office Star Flex Back Scooter Chair with White Frame,-228.618797302246
"Tenex Carpeted, Granite-Look or Clear Contemporary Contour Shape Chair Mats",-222.73649930954
Safco Industrial Wire Shelving System,-218.352001190186
Global Deluxe Steno Chair,-216.313794136047
Balt Solid Wood Rectangular Table,-216.254505157471
LG Exalt,-212.14640045166
"Bush Heritage Pine Collection 5-Shelf Bookcase, Albany Pine Finish, *Special Order",-208.650405883789
Laminate Occasional Tables,-206.534194946289
"Premier Elliptical Ring Binder, Black",-201.512809753418
High-Back Leather Manager's Chair,-197.584794998169
"Bevis Round Bullnose 29"" High Table Top",-192.185398101807
Hon 4-Shelf Metal Bookcases,-191.862016677856
"Bush Westfield Collection Bookcases, Dark Cherry Finish, Fully Assembled",-190.852203369141
Chromcraft Round Conference Tables,-189.976104736328
"Belkin 19"" Vented Equipment Shelf, Black",-179.665202021599
"Hon 30"" x 60"" Table with Locking Drawer",-177.351202011108
Honeywell Enviracaire Portable Air Cleaner for up to 8 x 10 Room,-177.223194122314
"Rubbermaid ClusterMat Chairmats, Mat Size- 66"" x 60"", Lip 20"" x 11"" -90 Degree Angle",-173.128810882568
"Gould Plastics 18-Pocket Panel Bin, 34w x 5-1/4d x 20-1/2h",-172.941200017929
Epson Perfection V600 Photo Scanner,-172.492492675781
O'Sullivan Living Dimensions 3-Shelf Bookcases,-170.832988739014
Office Impressions Heavy Duty Welded Shelving & Multimedia Storage Drawers,-167.270004272461
"Global Geo Office Task Chair, Gray",-166.009007453918
Cisco 8961 IP Phone Charcoal,-164.953796386719
Bevis 44 x 96 Conference Tables,-164.720016479492
"Office Star - Contemporary Task Swivel chair with 2-way adjustable arms, Plum",-158.485794067383
Global Deluxe High-Back Office Chair in Storm,-149.589004516602
Hon 61000 Series Interactive Training Tables,-148.396200537682
"Bush Andora Conference Table, Maple/Graphite Gray Finish",-143.623202323914
Novimex High-Tech Fabric Mesh Task Chair,-133.442399501801
O'Sullivan 2-Shelf Heavy-Duty Bookcases,-133.109201192856
Novimex Fabric Task Chair,-131.107003211975
Office Star - Mesh Screen back chair with Vinyl seat,-130.980002522469
Tenex Chairmats For Use with Hard Floors,-129.919996976852
Samsung Galaxy Note 2,-128.797210693359
Safco Industrial Wire Shelving,-126.706798553467
"Atlantic Metals Mobile 4-Shelf Bookcases, Custom Colors",-126.441017150879
"Sauder Mission Library with Doors, Fruitwood Finish",-125.740801811218
"Deflect-o EconoMat Studded, No Bevel Mat for Low Pile Carpeting",-125.199600219727
Carina Media Storage Towers in Natural & Black,-121.960000753403
Belkin F9S820V06 8 Outlet Surge,-120.176000595093
Cisco IP Phone 7961G-GE VoIP phone,-119.118995666504
"Bush Birmingham Collection Bookcase, Dark Cherry",-117.88200378418
Hon 2111 Invitation Series Straight Table,-115.307403326035
"Global Leather & Oak Executive Chair, Burgundy",-114.676403045654
Acco 6 Outlet Guardian Premium Plus Surge Suppressor,-113.767198562622
"Atlantic Metals Mobile 2-Shelf Bookcases, Custom Colors",-113.260603904724
Eldon Cleatmat Plus Chair Mats for High Pile Carpets,-111.328004837036
"Carina 42""Hx23 3/4""W Media Storage Unit",-110.13279747963
Tennsco Industrial Shelving,-108.580197572708
"Barricks 18"" x 48"" Non-Folding Utility Table with Bottom Storage Shelf",-104.832004070282
Safco Industrial Shelving,-104.128497362137
Sauder Camden County Collection Library,-103.481998443604
Acco D-Ring Binder w/DublLock,-102.837800979614
"Bush Westfield Collection Bookcases, Dark Cherry Finish",-97.4064054489136
Motorola HK250 Universal Bluetooth Headset,-91.5001990795135
GBC Linen Binding Covers,-82.4068012237549
"Wilson Jones Elliptical Ring 3 1/2"" Capacity Binders, 800 sheets",-82.1760025024414
Sauder Cornerstone Collection Library,-81.1675987243652
"Global Task Chair, Black",-80.4061994552612
O'Sullivan Living Dimensions 2-Shelf Bookcases,-78.636999130249
Eldon Executive Woodline II Cherry Finish Desk Accessories,-78.5087985992432
O'Sullivan Cherrywood Estates Traditional Barrister Bookcase,-78.363597869873
"Sauder Camden County Collection Libraries, Planked Cherry Finish",-78.1864032745361
Sensible Storage WireTech Storage Systems,-78.077996969223
Fellowes Command Center 5-outlet power strip,-78.0160007476807
Space Solutions Commercial Steel Shelving,-74.3474979400635
Hewlett-Packard Deskjet F4180 All-in-One Color Ink-jet - Printer / copier / scanner,-71.3957977294922
Rush Hierlooms Collection Rich Wood Bookcases,-70.8311977386475
"Sauder Forest Hills Library, Woodland Oak Finish",-70.4900054931641
Avery Recycled Flexi-View Covers for Binding Systems,-69.5702018737793
"Carina Mini System Audio Rack, Model AR050B",-68.8076000213623
GBC Plasticlear Binding Covers,-68.4207987785339
"O'Sullivan Elevations Bookcase, Cherry Finish",-68.1095995903015
"Office Impressions End Table, 20-1/2""H x 24""W x 20""D",-66.8272094726563
"Gould Plastics 9-Pocket Panel Bin, 18-3/8w x 5-1/4d x 20-1/2h, Black",-63.5879998207092
i.Sound Portable Power - 8000 mAh,-58.8188998103142
V7 USB Numeric Keypad,-58.7831997871399
"Contico 72""H Heavy-Duty Storage System",-57.3719997406006
Compact Automatic Electric Letter Opener,-57.268798828125
Bush Somerset Collection Bookcase,-56.3213977813721
Fellowes Econo/Stor Drawers,-56.2193975448608
OtterBox Commuter Series Case - Samsung Galaxy S4,-55.9775996208191
Cisco CP-7937G Unified IP Conference Station Phone,-55.6559982299805
"Eldon Base for stackable storage shelf, platinum",-52.5690026283264
iOttie XL Car Mount,-50.3747997283936
Clearsounds A400,-48.8325986862183
Hon Deluxe Fabric Upholstered Stacking Chairs,-48.7959995269775
Eldon Advantage Foldable Chair Mats for Low Pile Carpets,-48.7800025939941
Tennsco Commercial Shelving,-48.6125992685556
SanDisk Ultra 16 GB MicroSDHC Class 10 Memory Card,-48.5826009511948
"Belkin 19"" Center-Weighted Shelf, Gray",-47.1840009689331
"Tenex Traditional Chairmats for Hard Floors, Average Lip, 36"" x 48""",-46.4040012359619
"Iris 3-Drawer Stacking Bin, Black",-43.4512002468109
Eldon Cleatmat Chair Mats for Medium Pile Carpets,-42.1799964904785
Office Star - Ergonomically Designed Knee Chair,-42.1096014976501
"Tenex ""The Solids"" Textured Chair Mats",-40.5767967700958
36X48 HARDFLOOR CHAIRMAT,-40.4913997650146
Insertable Tab Post Binder Dividers,-39.6989991664886
Bevis Round Conference Room Tables and Bases,-39.4437983036041
Mediabridge Sport Armband iPhone 5s,-38.9610008001328
Kensington 6 Outlet SmartSocket Surge Protector,-36.8819961547852
"Tennsco Stur-D-Stor Boltless Shelving, 5 Shelves, 24"" Deep, Sand",-36.5337026119232
Hon Comfortask Task/Swivel Chairs,-36.473602771759
Rogers Deluxe File Chest,-34.7283992767334
Novimex Turbo Task Chair,-32.6508011817932
"Memorex 25GB 6X Branded Blu-Ray Recordable Disc, 30/Pack",-32.269499540329
Anker Astro Mini 3000mAh Ultra-Compact Portable Charger,-31.9839992523193
Samsung Convoy 3,-31.0771980285645
Macally Suction Cup Mount,-31.0700006484985
Fellowes Bankers Box Recycled Super Stor/Drawer,-30.2287998199463
"GBC Standard Recycled Report Covers, Clear Plastic Sheets",-27.1655983924866
"Hon Metal Bookcases, Black",-26.9723949432373
"Tennsco Lockers, Gray",-26.4348011016846
"SAFCO Commercial Wire Shelving, 72h",-24.496000289917
Anker Astro 15000mAh USB Portable Charger,-23.9952013492584
GBC VeloBinder Strips,-23.8080005645752
Avery Durable Slant Ring Binders,-23.7599999904633
Panasonic KX MC6040 Color Laser Multifunction Printer,-22.4974975585938
Stiletto Hand Letter Openers,-21.9839995503426
Plantronics Single Ear Headset,-21.9449996948242
"Global Armless Task Chair, Royal Blue",-20.7332010269165
Cyber Acoustics AC-202b Speech Recognition Stereo Headset,-20.5242002904415
Texas Instrument TI-15 Fraction Calculator,-20.5189990997314
Space Solutions Industrial Galvanized Steel Shelving.,-20.4880001544952
3M Replacement Filter for Office Air Cleaner for 20' x 33' Room,-20.4767961502075
"Bush Westfield Collection Bookcases, Medium Cherry Finish",-20.293000459671
Accohide Poly Flexible Ring Binders,-19.8219997882843
Wilson Jones Custom Binder Spines & Labels,-19.692800283432
Logitech Keyboard K120,-19.6019992828369
Large Capacity Hanging Post Binders,-19.4610033035278
GBC Wire Binding Strips,-18.4091992378235
Speck Products Candyshell Flip Case,-18.1947999000549
Fellowes Neat Ideas Storage Cubes,-18.1887998580933
Anderson Hickey Conga Table Tops & Accessories,-17.5145003795624
Tripp Lite Isotel 8 Ultra 8 Outlet Metal Surge,-17.0328092575073
"Electrix Incandescent Magnifying Lamp, Black",-16.4924993515015
Avery Reinforcements for Hole-Punch Pages,-16.1369996070862
Avery Durable Poly Binders,-15.5946004390717
ARKON Windshield Dashboard Air Vent Car Mount Holder,-15.5939998626709
Dexim XPower Skin Super-Thin Power Case for iPhone 5 - Black,-14.6224975585938
"Avery 3 1/2"" Diskette Storage Pages, 10/Pack",-14.407199382782
"Acco Pressboard Covers with Storage Hooks, 14 7/8"" x 11"", Executive Red",-13.9064996242523
Motorola L804,-13.3370990753174
XtraLife ClearVue Slant-D Ring Binders by Cardinal,-13.3279991149902
GBC ProClick Spines for 32-Hole Punch,-13.2818007469177
Martin-Yale Premier Letter Opener,-12.8799997866154
Fellowes Bankers Box Stor/Drawer Steel Plus,-12.7920017242432
"Bush Saratoga Collection 5-Shelf Bookcase, Hanover Cherry, *Special Order",-12.6881999969482
Cardinal Hold-It CD Pocket,-12.4487998485565
GBC Instant Index System for Binding Systems,-12.4319996833801
O'Sullivan 5-Shelf Heavy-Duty Bookcases,-12.2910003662109
"Lesro Sheffield Collection Coffee Table, End Table, Center Table, Corner Table",-12.1328983306885
Case Logic 2.4GHz Wireless Keyboard,-11.9976019859314
iOttie HLCRIO102 Car Mount,-11.9940000772476
Gear Head AU3700S Headset,-11.9508002996445
"Pressboard Covers with Storage Hooks, 9 1/2"" x 11"", Light Blue",-11.8822011947632
GBC Personal VeloBind Strips,-11.2611999511719
Dana Swing-Arm Lamps,-11.2139993906021
Avaya 5410 Digital phone,-10.8784017562866
Hoover Commercial Soft Guard Upright Vacuum And Disposable Filtration Bags,-10.4117994308472
"Alliance Super-Size Bands, Assorted Sizes",-10.3473996669054
Pressboard Hanging Data Binders for Unburst Sheets,-10.1351993083954
Shocksock Galaxy S4 Armband,-10.0739998519421
"Safco Value Mate Series Steel Bookcases, Baked Enamel Finish on Steel, Gray",-9.93720626831055
Hoover Commercial Lightweight Upright Vacuum with E-Z Empty Dirt Cup,-9.30320739746094
"GBC Velobind Prepunched Cover Sets, Regency Series",-9.24500274658203
"Wilson Jones 1"" Hanging DublLock Ring Binders",-8.55359888076782
"Sauder Facets Collection Library, Sky Alder Finish",-8.54899978637695
Acco Side-Punched Conventional Columnar Pads,-7.80749988555908
Eldon Shelf Savers Cubes and Bins,-7.67800000309944
"Eldon Expressions Desk Accessory, Wood Photo Frame, Mahogany",-7.61599838733673
Safco Commercial Shelving,-7.44159960746765
Acco Smartsocket Color-Coded Six-Outlet AC Adapter Model Surge Protectors,-7.04160237312317
Avery Hidden Tab Dividers for Binding Systems,-7.03279995918274
Akro Stacking Bins,-6.94320008158684
Plantronics MX500i Earset,-6.44249975681305
Sterilite Show Offs Storage Containers,-6.33599996566772
Tennsco Regal Shelving Units,-6.08460140228271
Telescoping Adjustable Floor Lamp,-5.99700027704239
Acco Economy Flexible Poly Round Ring Binder,-5.74199986457825
Revere Boxed Rubber Bands by Revere,-5.70780025422573
UniKeep View Case Binders,-5.47680044174194
"Avery Triangle Shaped Sheet Lifters, Black, 2/Pack",-4.91999971866608
Acco Suede Grain Vinyl Round Ring Binder,-4.89279979467392
"Rogers Jumbo File, Granite",-4.88880002498627
Eldon 100 Class Desk Accessories,-4.8528003692627
Insertable Tab Indexes For Data Binders,-4.83359968662262
Eureka Disposable Bags for Sanitaire Vibra Groomer I Upright Vac,-4.46600008010864
Fellowes Black Plastic Comb Bindings,-4.41560006141663
Serrated Blade or Curved Handle Hand Letter Openers,-4.11339991539717
"Mead 1st Gear 2"" Zipper Binder, Asst. Colors",-3.89099979400635
Sterling Rubber Bands by Alliance,-3.76799988746643
Acco 6 Outlet Guardian Basic Surge Suppressor,-3.66079998016357
Acme Rosewood Handle Letter Opener,-3.49360010772943
Plymouth Boxed Rubber Bands by Plymouth,-3.29699996113777
Carina Double Wide Media Storage Towers in Natural & Black,-3.2392053604126
"Fellowes Twister Kit, Gray/Clear, 3/pkg",-3.21599936485291
GBC Standard Plastic Binding Systems Combs,-2.9205002784729
"Stacking Tray, Side-Loading, Legal, Smoke",-2.86720037460327
"Super Bands, 12/Pack",-2.60399988293648
Hoover Commercial Lightweight Upright Vacuum,-2.50559997558594
"GBC Twin Loop Wire Binding Elements, 9/16"" Spine, Black",-2.28300046920776
Avery Self-Adhesive Photo Pockets for Polaroid Photos,-2.17919933795929
PNY Rapid USB Car Charger - Black,-2.07739996910095
Kingston Digital DataTraveler 8GB USB 2.0,-2.0229999423027
Computer Printout Index Tabs,-2.01599988341331
Storex Flexible Poly Binders with Double Pockets,-2.00639986991882
Angle-D Ring Binders,-1.96920001506805
Penpower WorldCard Pro Card Scanner,-1.82949995994568
"Executive Impressions 14"" Contract Wall Clock with Quartz Movement",-1.77840042114258
Acme Serrated Blade Letter Opener,-1.7490000128746
SanDisk Cruzer 8 GB USB Flash Drive,-1.35839998722076
"Executive Impressions 16-1/2"" Circular Wall Clock",-1.06879997253418
Round Ring Binders,-0.915199637413025
"Avery Framed View Binder, EZD Ring (Locking), Navy, 1 1/2""",-0.698599100112915
Eldon Gobal File Keepers,-0.605599999427795
"Brites Rubber Bands, 1 1/2 oz. Box",-0.514800027012825
Rubber Band Ball,-0.299200043082237
"Acco PRESSTEX Data Binder with Storage Hooks, Dark Blue, 9 1/2"" X 11""",-0.161399841308594
HON 5400 Series Task Chairs for Big and Tall,-1.52587890625E-05
